,comments,CleanedText
0,Good taste,Good taste
1,"Overall TeaBox Product are goodThe Turmeric Ginger , has only Turmeric flavour standing outThe prices of turmeric and ginger are visible and leaves are longand fresh with bubbles coming the movement we dip in hot water","Overall TeaBox Product are goodThe Turmeric Ginger , has only Turmeric flavour standing outThe prices of turmeric and ginger are visible and leaves are longand fresh with bubbles coming the movement we dip in hot water"
2,"The flavour is very clearly present and the bags are really high quality. The flavour is also real bits of the stuff in the bag, not artificial flavour.","The flavour is very clearly present and the bags are really high quality. The flavour is also real bits of the stuff in the bag, not artificial flavour."
3,Loved it ....,Loved it .
4,The only concern is the tea bag which sounds like polyethylene.,The only concern is the tea bag which sounds like polyethylene.
5,"Batch No.: STP062219This is my first experience of OnlyLeaf Green Tea. The thing I liked the most about this is that they have Whole Leaf. And adding Turmeric, Ginger & Tulsi to Green Tea surely enhances its Goodness greatly. This combination is helpful in Boosting Immune Power and improves our body's defence mechanism. So I appreciate this idea of adding healthy stuff to green tea. One should note that the flavor of this green tea is bland and it doesn't have any taste of the various products added in it. It tastes just like normal green tea. I didn't mind this as overall this tea is very good for health. Also its good that they did not add any Artificial Flavouring substances to make the green tea tasty.PS: OnlyLeaf should make sure that the GLUE they use to attach Thread on Tea bag is EDIBLE & is simply NOT ordinary glue which usually have Dangerous chemicals in it. Or they could simply remove the thread itself as one can easily remove the tea bag with a spoon after its soaking time. Also, as another user pointed out here (https://www.amazon.in/review/R14SVPJ3LY4M5I/ref=cm_cr_srp_d_rdp_perm?ie=UTF8&ASIN=B07D9TB5JG), there should NOT be tea bag cloth coming out of the edges as is the case in my tea bags too.","Batch No.: STP062219This is my first experience of OnlyLeaf Green Tea. The thing I liked the most about this is that they have Whole Leaf. And adding Turmeric, Ginger & Tulsi to Green Tea surely enhances its Goodness greatly. This combination is helpful in Boosting Immune Power and improves our body's defence mechanism. So I appreciate this idea of adding healthy stuff to green tea. One should note that the flavor of this green tea is bland and it doesn't have any taste of the various products added in it. It tastes just like normal green tea. I didn't mind this as overall this tea is very good for health. Also its good that they did not add any Artificial Flavouring substances to make the green tea tasty. PS: OnlyLeaf should make sure that the GLUE they use to attach Thread on Tea bag is EDIBLE & is simply NOT ordinary glue which usually have Dangerous chemicals in it. Or they could simply remove the thread itself as one can easily remove the tea bag with a spoon after its soaking time. Also, as another user pointed out here (https://www. amazon. in/review/R14SVPJ3LY4M5I/ref=cm_cr_srp_d_rdp_perm. ie=UTF8&ASIN=B07D9TB5JG), there should NOT be tea bag cloth coming out of the edges as is the case in my tea bags too."
6,"See, if you go on flavour you will never enjoy benefit of these green highly antioxidant and inflammatory which provides to our body.Before writing this review, after 1cup poured with this natural tea, after some seconds, you will warmness is generated within you body first you will observe it with you mind and then little bit in face its good for cells our body cells are made of natural, so they should be feeded with natural things right.So highly recommended and enjoy benefit.","See, if you go on flavour you will never enjoy benefit of these green highly antioxidant and inflammatory which provides to our body. Before writing this review, after 1cup poured with this natural tea, after some seconds, you will warmness is generated within you body first you will observe it with you mind and then little bit in face its good for cells our body cells are made of natural, so they should be feeded with natural things right. So highly recommended and enjoy benefit."
7,The best green tea I have ever had in my life,The best green tea I have ever had in my life
8,Good,Good
9,"Amongst the several other brands that I have tried, Only leaf really stands out in terms of taste, user experience, presentation, packaging, and overall branding. There is a really intense taste to the tea, it leaves a very underlying sweet taste in your mouth. The package is so cute! Even the shape of the tea bag is such that it doesn't float above the water, it sinks perfectly. I have tried a lot of flavors, each one is really natural and raw, it doesn't  have an artificial taste like most other brands. So if you choose the ginger tea, you will have a very strong natural taste to it, like a home-made adrak tea.And yes, it does come with two extra free sachets and two veryyy cute honey sachets! <3","Amongst the several other brands that I have tried, Only leaf really stands out in terms of taste, user experience, presentation, packaging, and overall branding. There is a really intense taste to the tea, it leaves a very underlying sweet taste in your mouth. The package is so cute. Even the shape of the tea bag is such that it doesn't float above the water, it sinks perfectly. I have tried a lot of flavors, each one is really natural and raw, it doesn't  have an artificial taste like most other brands. So if you choose the ginger tea, you will have a very strong natural taste to it, like a home-made adrak tea. And yes, it does come with two extra free sachets and two veryyy cute honey sachets. <3"
10,"I liked the taste of this green tea. Good quality product. Tea Bag is made of some sort of fabric and not paper, which I liked. A tea infused with the goodness of medicinal properties along with the clean aspect of onlyleaf . The only leaf concept of having full leaves in a see-through gauze which when dipped into hot water infuses the strong aroma of tulsi and ginger, in the tea which is surely worthy of talking about.","I liked the taste of this green tea. Good quality product. Tea Bag is made of some sort of fabric and not paper, which I liked. A tea infused with the goodness of medicinal properties along with the clean aspect of onlyleaf . The only leaf concept of having full leaves in a see-through gauze which when dipped into hot water infuses the strong aroma of tulsi and ginger, in the tea which is surely worthy of talking about."
11,"Lets talk why i do not like the teaThe flavour of ginger is not good , almost zero, and something smells very bad, i have tried a lot of flavour in green tea like immunity boost, green white fusion, rose bud tea, turmaric tea, and many moreBut it was not good in my opinion,i mean the smell is like bad something ,","Lets talk why i do not like the teaThe flavour of ginger is not good , almost zero, and something smells very bad, i have tried a lot of flavour in green tea like immunity boost, green white fusion, rose bud tea, turmaric tea, and many moreBut it was not good in my opinion,i mean the smell is like bad something ,"
12,Very good flavour. No bitterness at all in this green tea.Have given one one star for packaging as the item reached me with the box completely crushed and the tea bags were  all loose in the package.,Very good flavour. No bitterness at all in this green tea. Have given one one star for packaging as the item reached me with the box completely crushed and the tea bags were  all loose in the package.
13,"I really loved this green tea.  It's actually less bitter than the green tea brands I have tried - tetly, Lipton and tea monk. And gives a subtle taste of ginger & turmeric. You could actually see through the leaves and small pieces of ginger & turmeric inside the pyramid pouch.It is soothing indeed to have a cup of tea. Though I am not a big fan of mint green tea I got them as free samples, even they were not as strong flavoured so I was ok. But yeah I won't prefer them.The nylon pyramid pouches gives it a premium appearance.Overall a good experience with ginger& turmeric, & hv ordered another flavour to try.","I really loved this green tea.  It's actually less bitter than the green tea brands I have tried - tetly, Lipton and tea monk. And gives a subtle taste of ginger & turmeric. You could actually see through the leaves and small pieces of ginger & turmeric inside the pyramid pouch. It is soothing indeed to have a cup of tea. Though I am not a big fan of mint green tea I got them as free samples, even they were not as strong flavoured so I was ok. But yeah I won't prefer them. The nylon pyramid pouches gives it a premium appearance. Overall a good experience with ginger& turmeric, & hv ordered another flavour to try."
14,"Great taste, easy to make, nice fragrance, and a good drink. Have used it for more than a month and have noticed a good difference in my immunity. I used to get cold twice a week and now it has reduced to once in two weeks.","Great taste, easy to make, nice fragrance, and a good drink. Have used it for more than a month and have noticed a good difference in my immunity. I used to get cold twice a week and now it has reduced to once in two weeks."
15,"I love this green tea ,it contains whole green leaves & natural other ingediants like ginger pieces or turmeric , it has enhanced flavour of every ingrediant, it comes in cute little bags , which are of good stuff,I had used many different varieties of green teas earlier but this one has natural ingrediants in it , i love this one.","I love this green tea ,it contains whole green leaves & natural other ingediants like ginger pieces or turmeric , it has enhanced flavour of every ingrediant, it comes in cute little bags , which are of good stuff,I had used many different varieties of green teas earlier but this one has natural ingrediants in it , i love this one."
16,"A tea infused with the goodness of medicinal properties along with the clean aspect of only leaf .  The only leaf concept of having full leaves in a see through gauze which when dipped into hot water infuses the strong aroma of tulsi and ginger, in the tea which is suerly worthy of talking about. It does complete justice to what it claims, and is best had post a heavy lunch to help with the general digestion.Tip: it works far better when the tea bag is dipped while the water is being boiled.","A tea infused with the goodness of medicinal properties along with the clean aspect of only leaf .  The only leaf concept of having full leaves in a see through gauze which when dipped into hot water infuses the strong aroma of tulsi and ginger, in the tea which is suerly worthy of talking about. It does complete justice to what it claims, and is best had post a heavy lunch to help with the general digestion. Tip: it works far better when the tea bag is dipped while the water is being boiled."
17,"I have tried multiple brands and flavours of green tea that are available in Indian market within the same price range. So far, only leaf is one brand which has maintained its quality(taste, aroma) and presentation till date. I have been using this brand from past 6-7 months and everytime I order any flavour, it's heaven in a box.","I have tried multiple brands and flavours of green tea that are available in Indian market within the same price range. So far, only leaf is one brand which has maintained its quality(taste, aroma) and presentation till date. I have been using this brand from past 6-7 months and everytime I order any flavour, it's heaven in a box."
18,I've had this tea multiple times and only leaf is my trusted brand for green tea. Only bad thing was the packaging that amazon delivered. The box came crushed. Since its paper bags doesn't make muvh difference.,I've had this tea multiple times and only leaf is my trusted brand for green tea. Only bad thing was the packaging that amazon delivered. The box came crushed. Since its paper bags doesn't make muvh difference.
19,"The ingredients are absolutely good and immune boosting. Although the taste maynot be too favourable but it's a good start for the day. Already tried chamomile, mint, and butterfly pea variety from this brand. Absolutely love. Also, kudos for delivering this during covid-19 pandemic.","The ingredients are absolutely good and immune boosting. Although the taste maynot be too favourable but it's a good start for the day. Already tried chamomile, mint, and butterfly pea variety from this brand. Absolutely love. Also, kudos for delivering this during covid-19 pandemic."
20,The turmeric and tulsi fresh natural flavours are released as soon as the tea bag is immersed. The tea flavour is a bit strong. It could have been made lighter to avoid accentuating the bitterness of the turmeric. The packaging is good and retains freshness. My only worry is that the material used for the tea bags may not be biodegradable. Need to check this.,The turmeric and tulsi fresh natural flavours are released as soon as the tea bag is immersed. The tea flavour is a bit strong. It could have been made lighter to avoid accentuating the bitterness of the turmeric. The packaging is good and retains freshness. My only worry is that the material used for the tea bags may not be biodegradable. Need to check this.
21,It's good.,It's good.
22,"At Rs 11 per tea bag, it is very expensive. Ingredients are very good quality, including small chunks of ginger. It is addicting, as very flavorful. Wish was reasonably priced.","At Rs 11 per tea bag, it is very expensive. Ingredients are very good quality, including small chunks of ginger. It is addicting, as very flavorful. Wish was reasonably priced."
23,Good product to use,Good product to use
24,All good go for it if you don't have any home leaves,All good go for it if you don't have any home leaves
25,"The packaging of this product is simple and that was pleasing enough, but what pleased me even more was that the pyramid shaped tea bags were made of some sort of fabric that let you see the ingredients in them and did not leave my tea tasting of paper!I love this variant for my early mornings or when I feel a little under the weather. The ginger and turmeric (Actual pieces of ginger and turmeric that you can see through your tea bag) along with the tulsi, steeped in hot water reminds me of my grandmothers quick fixes for a sore throat.At the same time, it is light and doesn't taste medicinal.","The packaging of this product is simple and that was pleasing enough, but what pleased me even more was that the pyramid shaped tea bags were made of some sort of fabric that let you see the ingredients in them and did not leave my tea tasting of paper. I love this variant for my early mornings or when I feel a little under the weather. The ginger and turmeric (Actual pieces of ginger and turmeric that you can see through your tea bag) along with the tulsi, steeped in hot water reminds me of my grandmothers quick fixes for a sore throat. At the same time, it is light and doesn't taste medicinal."
26,The taste was better with OnlyLeaf. It has the flavour of turmeric. After it became Teabox there is no taste at all.,The taste was better with OnlyLeaf. It has the flavour of turmeric. After it became Teabox there is no taste at all.
27,All I can say is : wahhhh...Taste and quality is 10/10.Honestly packaging is ok ok but it does not effects the product I am fine with it personally.,All I can say is : wahhhh. Taste and quality is 10/10. Honestly packaging is ok ok but it does not effects the product I am fine with it personally.
28,This tea is good not only from the ingredients composition perspective but also the packaging which is slightly better than normal dip tea bags and the flavors are also authentic as they give dry turmeric which tastes good and is healthy also.,This tea is good not only from the ingredients composition perspective but also the packaging which is slightly better than normal dip tea bags and the flavors are also authentic as they give dry turmeric which tastes good and is healthy also.
29,"I found this whole leaf tea quite a welcome change from the regular CTC tea, in that it retains the full-bodied original aroma and flavor of the tea. There was no lingering bitterness and the unique packaging of the bags allowed optimal diffusion into the water.","I found this whole leaf tea quite a welcome change from the regular CTC tea, in that it retains the full-bodied original aroma and flavor of the tea. There was no lingering bitterness and the unique packaging of the bags allowed optimal diffusion into the water."
30,"There are some cuts on nylon bags where the tea leaves, ginger etc., are coming out.In my opinion, if Tulsi flavor is increased little more then the taste will be more good and refreshing.","There are some cuts on nylon bags where the tea leaves, ginger etc., are coming out. In my opinion, if Tulsi flavor is increased little more then the taste will be more good and refreshing."
31,"The turmeric ginger tea is awesome. They packed leaves into little packets and sent it, which makes it awesome. There is no tea dust, no grains, and is minimally processed. If you are looking for green tea leaves with nice flavour and smoothness, this one has to be tried and tasted.I personally start my day with this tea. A cup of health early in the day can't be compared to anythjng else.","The turmeric ginger tea is awesome. They packed leaves into little packets and sent it, which makes it awesome. There is no tea dust, no grains, and is minimally processed. If you are looking for green tea leaves with nice flavour and smoothness, this one has to be tried and tasted. I personally start my day with this tea. A cup of health early in the day can't be compared to anythjng else."
32,"I have tried both the Hibiscus and turmeric green tea. They are definitely not bad, but I think a couple of improvements could really change the green tea experience. First off the green tea content seems less compared to the other ingredients in the tea bag. You can taste the Turmeric, Hibiscus, clove but it's overbearing and kills the green tea taste. Also the tea bag is stuck with some glue to the thread which in hot water just doesn't seem right.","I have tried both the Hibiscus and turmeric green tea. They are definitely not bad, but I think a couple of improvements could really change the green tea experience. First off the green tea content seems less compared to the other ingredients in the tea bag. You can taste the Turmeric, Hibiscus, clove but it's overbearing and kills the green tea taste. Also the tea bag is stuck with some glue to the thread which in hot water just doesn't seem right."
33,Definitely recommend this to everyone and is a must-have in all homes,Definitely recommend this to everyone and is a must-have in all homes
34,"One of the best flavours and so much needed in this weather. This is perhaps the most authentic brand of green tea that I have tried. Right from packaging, to the ingredients and to the taste, it's so innovative and full of freshness and health. I have been trying different flavours of the product and my satisfaction level with the product has only gone up each time.","One of the best flavours and so much needed in this weather. This is perhaps the most authentic brand of green tea that I have tried. Right from packaging, to the ingredients and to the taste, it's so innovative and full of freshness and health. I have been trying different flavours of the product and my satisfaction level with the product has only gone up each time."
35,Good quality green tea with soothing taste with very health benefits.,Good quality green tea with soothing taste with very health benefits.
36,My favourite flavour in only leaf green tea. Itâ€™s one of the better green teas I have tasted,My favourite flavour in only leaf green tea. Itâ€™s one of the better green teas I have tasted
37,Today I have 1st tried the tea and it's awesome. I am very happy . It's flavor is very good just turmeric flavor is little over powered. Just put tea bag for 2-3 minutes in the hot water .That's all.,Today I have 1st tried the tea and it's awesome. I am very happy . It's flavor is very good just turmeric flavor is little over powered. Just put tea bag for 2-3 minutes in the hot water . That's all.
38,The product is very good.... but I am very disappointed with packaging,The product is very good. but I am very disappointed with packaging
39,Its an amazing green tea. I have tried many  brands of green tea but this green tea is not bitter at all. I just love this brand.,Its an amazing green tea. I have tried many  brands of green tea but this green tea is not bitter at all. I just love this brand.
40,"I've been ordering Only Leaf green tea for a year now, and it's quality is top-notch. The best part is that it doesn't taste bitter, even if I dip it in for more than 2 minutes. I can almost feel the goodness seeping into my cells. it's the best!","I've been ordering Only Leaf green tea for a year now, and it's quality is top-notch. The best part is that it doesn't taste bitter, even if I dip it in for more than 2 minutes. I can almost feel the goodness seeping into my cells. it's the best."
41,Whole leaf tea with nice flavour. Cost effective as one tea bag is good enough to make two cups. The tea bag material and quality is very good. Overall product packing and presentation is appreciable.,Whole leaf tea with nice flavour. Cost effective as one tea bag is good enough to make two cups. The tea bag material and quality is very good. Overall product packing and presentation is appreciable.
42,"Really love the presentation and the beauty of the tea leaves and other ingredients inside.There were two free samples of mint tea which are so amazing that I am gonna order them nextI really love the aromasYou might feel they are slightly expensive but they are worth the priceThe package Also has 2 honey samples which I haven't tried, but they look nice","Really love the presentation and the beauty of the tea leaves and other ingredients inside. There were two free samples of mint tea which are so amazing that I am gonna order them nextI really love the aromasYou might feel they are slightly expensive but they are worth the priceThe package Also has 2 honey samples which I haven't tried, but they look nice"
43,"This is the most favourite green tea brand, I ordered Turmeric,Ginger, Tulsi And Chamomile ones, The freshness of this tea is the best thing ever, The ingredients in it are natural, You can actually see the whole green tea and no powder at all, Definitely Ordering it every monthâ™¥ï¸","This is the most favourite green tea brand, I ordered Turmeric,Ginger, Tulsi And Chamomile ones, The freshness of this tea is the best thing ever, The ingredients in it are natural, You can actually see the whole green tea and no powder at all, Definitely Ordering it every monthâ™¥ï¸"
44,Taste is not that great,Taste is not that great
45,"Rich aromatic green leaves, ginger as well as turmeric . It is a healthy organic drink for everyone. Thank you only leaf","Rich aromatic green leaves, ginger as well as turmeric . It is a healthy organic drink for everyone. Thank you only leaf"
46,"The product is very good. It is exactly what it advertises - only leaf, fresh and exquisitely flavoured. Loving it!","The product is very good. It is exactly what it advertises - only leaf, fresh and exquisitely flavoured. Loving it."
47,Perfect,Perfect
48,"I was introduced to this product by a friend of mine. The moment i tasted it i instantly loved it. The flavors are absolutely amazing, the packaging is too beautiful and yes it so worth the money. Will definitely continue to buy and share with my friends as well. Thank you Green Leaf Team.","I was introduced to this product by a friend of mine. The moment i tasted it i instantly loved it. The flavors are absolutely amazing, the packaging is too beautiful and yes it so worth the money. Will definitely continue to buy and share with my friends as well. Thank you Green Leaf Team."
49,Been using the products for a while and love it !,Been using the products for a while and love it .
50,"Having one leaf since couple of weeks and the results are so amazing. I have started feeling light and the flavour of turmeric gives you a very healthy texture of your tea, absolutely increasing power of my matabolism :)","Having one leaf since couple of weeks and the results are so amazing. I have started feeling light and the flavour of turmeric gives you a very healthy texture of your tea, absolutely increasing power of my matabolism :)"
51,"The tea bag is excellent. The flavour is light and smooth. Scent is great. Probably the best green tea , I have ever tried.","The tea bag is excellent. The flavour is light and smooth. Scent is great. Probably the best green tea , I have ever tried."
52,This tea have better quality than any other tea bags I have tried yet plus this flavor is extremely refreshing.,This tea have better quality than any other tea bags I have tried yet plus this flavor is extremely refreshing.
53,Fine. Not extraordinary. Find it pricey. Packaging of the main box can be done better. Not neatly compartmentalized.,Fine. Not extraordinary. Find it pricey. Packaging of the main box can be done better. Not neatly compartmentalized.
54,The best green tea Ive ever had. Only leaf has lot more flavours. Do order the mix flavour box first and choose your best one.,The best green tea Ive ever had. Only leaf has lot more flavours. Do order the mix flavour box first and choose your best one.
55,Flavor is good. Packaging is good,Flavor is good. Packaging is good
56,"its beautiful in flavor , the color , the flavor of ginger , turmeric , green tea leaves along with  is damm good.i am now a great fan of this product .will recomend it to everyone who wishes to have a good health nd develop self immunity . Thank you for such a product .","its beautiful in flavor , the color , the flavor of ginger , turmeric , green tea leaves along with  is damm good. i am now a great fan of this product . will recomend it to everyone who wishes to have a good health nd develop self immunity . Thank you for such a product ."
57,Pros- Packaging is goodCons- Flavor is not strong,Pros- Packaging is goodCons- Flavor is not strong
58,Excellent product and very useful for health please.,Excellent product and very useful for health please.
59,Its really good.You get kadha and green tea both in the same item.it also is like an immunity booster especially in these times.,Its really good. You get kadha and green tea both in the same item. it also is like an immunity booster especially in these times.
60,Better to mention the expiry date of the productProduct was good,Better to mention the expiry date of the productProduct was good
61,I have stopes consuming regular tea and started whole leaf tea. It is excellent in all aspect. In these days it is advisable to drink whole leaf green tea.,I have stopes consuming regular tea and started whole leaf tea. It is excellent in all aspect. In these days it is advisable to drink whole leaf green tea.
62,The taste is good and refreshing. Can use the tea bag twice and the taste remains the same. Overall I recommend this,The taste is good and refreshing. Can use the tea bag twice and the taste remains the same. Overall I recommend this
63,nice,nice
64,"Flavour, freshness, value for money","Flavour, freshness, value for money"
65,Very nice flavour.1 tea bag suffices for 2 cups of tea.,Very nice flavour.1 tea bag suffices for 2 cups of tea.
66,Plastic bag,Plastic bag
67,"I ordered only leaf turmeric ginger tulsi  green tea  for my husband who's never been a green tea fan...after trying this product for a week he feels less bloated. Best thing about this green tea is visible content in a triangular tea bag,a thumbs up from me and my husbandðŸ‘","I ordered only leaf turmeric ginger tulsi  green tea  for my husband who's never been a green tea fan. after trying this product for a week he feels less bloated. Best thing about this green tea is visible content in a triangular tea bag,a thumbs up from me and my husbandðŸ‘"
68,"Awsome product, flavourful tea , it is not at all bitter like regular green teas, also has added benefits of turmeric, the teabags are nice quality, tea dust not packed only tea leaves, the way the name pronounces ""only leaf "" , up to mark","Awsome product, flavourful tea , it is not at all bitter like regular green teas, also has added benefits of turmeric, the teabags are nice quality, tea dust not packed only tea leaves, the way the name pronounces ""only leaf "" , up to mark"
69,Amongst the best products.,Amongst the best products.
70,"it doesn't give intense test , very light you may feel to add one more tea bag.","it doesn't give intense test , very light you may feel to add one more tea bag."
71,"Awesome flavour, I could taste the purity of the contents.The aroma itself is refreshing.","Awesome flavour, I could taste the purity of the contents. The aroma itself is refreshing."
72,I liked it fine. Has chunks of ginger n turmeric,I liked it fine. Has chunks of ginger n turmeric
73,Taste is not good,Taste is not good
74,"Nice product with good quality, freshness and taste","Nice product with good quality, freshness and taste"
75,The natural and premium beverage.The flavor is what makes it genuine...worth recommending,The natural and premium beverage. The flavor is what makes it genuine. worth recommending
76,"Very good  product, and healthier very good.","Very good  product, and healthier very good."
77,I tried Chamomile tea from Only Leaf & I liked it very much. Packaging is good & the quality of tea bag is amazing.I am looking forward to order and try more flavours from them,I tried Chamomile tea from Only Leaf & I liked it very much. Packaging is good & the quality of tea bag is amazing. I am looking forward to order and try more flavours from them
78,Flavour - Same as describedPresentation - packing presentation is good,Flavour - Same as describedPresentation - packing presentation is good
79,Amazing. Try it to feel the flavors......,Amazing. Try it to feel the flavors.
80,A bit mild to my taste. Had to dip 2 bags to get adequate flavour.,A bit mild to my taste. Had to dip 2 bags to get adequate flavour.
81,"Taste not good, otherwise very good for health.","Taste not good, otherwise very good for health."
82,I am happy with the product.Does what is mentioned & yes it has only leaves in the teabags.,I am happy with the product. Does what is mentioned & yes it has only leaves in the teabags.
83,The taste of green tea is good,The taste of green tea is good
84,"Taste is good and authentic , just donâ€™t like the use of plastic teabags","Taste is good and authentic , just donâ€™t like the use of plastic teabags"
85,Very good product ...,Very good product .
86,Really impressed with the quality of the tea bags from only leaf!One of a kind packing of the tea bags makes the scent n flavour last!Refreshing and energising!Looking forward to try other flavours!,Really impressed with the quality of the tea bags from only leaf. One of a kind packing of the tea bags makes the scent n flavour last. Refreshing and energising. Looking forward to try other flavours.
87,Good content but tea bags material is of thin plastic..,Good content but tea bags material is of thin plastic.
88,Product is just ok not Great...but more importantly the entire product is just an over use of plastic...from the outer plastic wrap to each tea sachet is plastic. What's more is the actual tea bag itself is a triangular plastic or nylon bag... With glue used to attach the string....is that what you want to start your day with? Infusing plastic with your green tea? There are brands with zero plastic waste that are at the same price point and tase better too.,Product is just ok not Great. but more importantly the entire product is just an over use of plastic. from the outer plastic wrap to each tea sachet is plastic. What's more is the actual tea bag itself is a triangular plastic or nylon bag. With glue used to attach the string. is that what you want to start your day with. Infusing plastic with your green tea. There are brands with zero plastic waste that are at the same price point and tase better too.
89,"This one was the favorite of the lot that i ordered. The ginger , tulsi and turmeric tea is what you need on a day with a bad cough and it soothes your throat with every sip.  Highly recommend this for its flavor and the packaging.","This one was the favorite of the lot that i ordered. The ginger , tulsi and turmeric tea is what you need on a day with a bad cough and it soothes your throat with every sip.  Highly recommend this for its flavor and the packaging."
90,"The tea was absolutely tasty and great for a sick person as it gives relief. The best part, it wasn't bitter at all. The same bag can be used twice. I loved it!","The tea was absolutely tasty and great for a sick person as it gives relief. The best part, it wasn't bitter at all. The same bag can be used twice. I loved it."
91,Good for me ðŸ˜Š,Good for me ðŸ˜Š
92,I was my favourite brand and flavour for the last one and half year. But this time i find it is the worst i could digest.,I was my favourite brand and flavour for the last one and half year. But this time i find it is the worst i could digest.
93,The taste is not as strong as I wanted it to be. The ginger is almost nowhere. But lots of tulsi flavor. And it helps. Better than other products I have tried,The taste is not as strong as I wanted it to be. The ginger is almost nowhere. But lots of tulsi flavor. And it helps. Better than other products I have tried
94,This is my first time experience and I am going to order another again. Love the real feel of turmeric green tea. Thanks for samples ðŸ˜,This is my first time experience and I am going to order another again. Love the real feel of turmeric green tea. Thanks for samples ðŸ˜
95,Nice flavour. Very fresh. Love the aroma. I ordered Rose as well as Immunity boosting Turmeric Ginger,Nice flavour. Very fresh. Love the aroma. I ordered Rose as well as Immunity boosting Turmeric Ginger
96,Good,Good
97,"Traditional flavours of Ginger and Turmeric included in a new and modern manner is what makes this product special. The tea is a nice and fresh start to the day. The one time use packaging, is easy to tear and use, and hence easy to maintain.","Traditional flavours of Ginger and Turmeric included in a new and modern manner is what makes this product special. The tea is a nice and fresh start to the day. The one time use packaging, is easy to tear and use, and hence easy to maintain."
98,Not useful,Not useful
99,This is amazing!The quality of the drinks made is great and tasty.I can't believe that I am actually feeling healthy.Will definitely purchase other flavors.Please keep up the quality.,This is amazing. The quality of the drinks made is great and tasty. I can't believe that I am actually feeling healthy. Will definitely purchase other flavors. Please keep up the quality.
100,Best tea on the market. Triangle fabric bags with chunks of turmeric and excellent green tea. I add it to a 500 ml bottle and it tastes great even like that. Excellent product!!,Best tea on the market. Triangle fabric bags with chunks of turmeric and excellent green tea. I add it to a 500 ml bottle and it tastes great even like that. Excellent product.
101,Very good green tea... It has a subtle spicy taste & comes in cute pyramid transparent packaging... This is my second order of this tea & I'm gonna order more :),Very good green tea. It has a subtle spicy taste & comes in cute pyramid transparent packaging. This is my second order of this tea & I'm gonna order more :)
102,"Very nice flavour and used same tea bag three times and still fresh taste, excellent","Very nice flavour and used same tea bag three times and still fresh taste, excellent"
103,Initially I bought the sampler box. I tried all the favours and finally bought Turmeric Ginger Tulsi Green. They taste and smell heavenly. Will stand on your expectations surely.,Initially I bought the sampler box. I tried all the favours and finally bought Turmeric Ginger Tulsi Green. They taste and smell heavenly. Will stand on your expectations surely.
104,I daily use now I m become addictive this product,I daily use now I m become addictive this product
105,Very Nice product. Ordered it four times till now.,Very Nice product. Ordered it four times till now.
106,Over all good,Over all good
107,"After tasting many green tea brands, I found this.  Honestly I fell for the taste it offers. Add the fact that these are whole leaves, and it's a great combination.","After tasting many green tea brands, I found this.  Honestly I fell for the taste it offers. Add the fact that these are whole leaves, and it's a great combination."
108,Loves the taste. Subscribe and save option chosen,Loves the taste. Subscribe and save option chosen
109,"The tea tastes so good. Itâ€™s flavour is amazing and smells great. Had a bad throat and ordered it, felt great relief having it. The packaging is very cute too.","The tea tastes so good. Itâ€™s flavour is amazing and smells great. Had a bad throat and ordered it, felt great relief having it. The packaging is very cute too."
110,"The product is genuine and it taste like whats actually written on the box.. flavours of turmeric,ginger and tulsi are fused in proportion to give you a fabolous taste.","The product is genuine and it taste like whats actually written on the box. flavours of turmeric,ginger and tulsi are fused in proportion to give you a fabolous taste."
111,Firstly packaging is really fancy i liked it especially the triangle shaped tea bags. Overall taste is mild not at all raw. I loved it and will purchase again..â¤ï¸,Firstly packaging is really fancy i liked it especially the triangle shaped tea bags. Overall taste is mild not at all raw. I loved it and will purchase again.â¤ï¸
112,"Liked the fresh ingredients which make it a good tea for the monsoons. Could distinctly taste the turmeric, ginger. The green tea flavor is subtle and not too bitter.","Liked the fresh ingredients which make it a good tea for the monsoons. Could distinctly taste the turmeric, ginger. The green tea flavor is subtle and not too bitter."
113,"Test of turmeric,ginger not feel. Very Mild test . Myself having kahua green tea. For change bought this. But this one is not satisfied what I need.","Test of turmeric,ginger not feel. Very Mild test . Myself having kahua green tea. For change bought this. But this one is not satisfied what I need."
114,"Best tea with best flavours,a helpful remedy to build immunity during this period","Best tea with best flavours,a helpful remedy to build immunity during this period"
115,Natural taste,Natural taste
116,Taste is better,Taste is better
117,Very nice,Very nice
118,Excellent product.Really love this!,Excellent product. Really love this.
119,"The media could not be loaded.
                



Â An ant in the tea bag...Is it normal??","The media could not be loaded.
                



Â An ant in the tea bag. Is it normal."
120,Nice,Nice
121,Did not like this flavor. Once you taste it you will feel down. The other flavor is Good,Did not like this flavor. Once you taste it you will feel down. The other flavor is Good
122,Product is as expected. Packing can be improved but over-all it's a good product. Specially honey tubes inside the package is good surprise.,Product is as expected. Packing can be improved but over-all it's a good product. Specially honey tubes inside the package is good surprise.
123,Just not flavor and presentation of the product is good but the nutrition of turmeric ginger and tulsi is actually felt... Recommended for healthy seekers..,Just not flavor and presentation of the product is good but the nutrition of turmeric ginger and tulsi is actually felt. Recommended for healthy seekers.
124,The tea has perfect amount of ingredients to it.The packaging is handy during travel.Tastes mild and flavourful.,The tea has perfect amount of ingredients to it. The packaging is handy during travel. Tastes mild and flavourful.
125,The flavor was refreshing and actual taste of the ingredients could be felt which is a unique property of the product. Would recomend to all.,The flavor was refreshing and actual taste of the ingredients could be felt which is a unique property of the product. Would recomend to all.
126,It's an interesting twist on the existing Tulsi ginger teas. Adding turmeric gives it a different flavour and a dose of healthy too. Excellent for a sore throat or slight cold. I especially like the mild flavours.,It's an interesting twist on the existing Tulsi ginger teas. Adding turmeric gives it a different flavour and a dose of healthy too. Excellent for a sore throat or slight cold. I especially like the mild flavours.
127,It's really flavoured and because of certain types of flavours are there in that tea bags. The packaging was also good to look.,It's really flavoured and because of certain types of flavours are there in that tea bags. The packaging was also good to look.
128,"Tasteless, flavourless","Tasteless, flavourless"
129,Very crisp and soothing to throat. Do try this one.,Very crisp and soothing to throat. Do try this one.
130,"Not too strong, you can't feel the taste that much doesn't blend with water that well","Not too strong, you can't feel the taste that much doesn't blend with water that well"
131,This is my 5th order with only leaf. Iâ€™ve become fond of their tea blends. But this time most of the teabags are either fused to the packaging or already have a tear. This has become frustrating because I end up using a strainer every time.,This is my 5th order with only leaf. Iâ€™ve become fond of their tea blends. But this time most of the teabags are either fused to the packaging or already have a tear. This has become frustrating because I end up using a strainer every time.
132,great quality product,great quality product
133,Fabulous product...taste fantastic and supa smooth.  Feels like drinking lovely flavoured water.No bitterness at all. In love with it,Fabulous product. taste fantastic and supa smooth.  Feels like drinking lovely flavoured water. No bitterness at all. In love with it
134,I used many other products earlier. But it is the best Green Tea I have ever consumed.,I used many other products earlier. But it is the best Green Tea I have ever consumed.
135,"The tea is packed in plastic (not the usual paper) and not good, although good in terms of taste. I recently read that this could be a health hazard as it releases billions of minute plastic particles when put in hot water. not going to buy any more.","The tea is packed in plastic (not the usual paper) and not good, although good in terms of taste. I recently read that this could be a health hazard as it releases billions of minute plastic particles when put in hot water. not going to buy any more."
136,Good,Good
137,Excellent,Excellent
138,Nice product..good service..,Nice product. good service.
139,Very refreshing & awesum flavour. Product is really very worth the money. Go for it blindly!!,Very refreshing & awesum flavour. Product is really very worth the money. Go for it blindly.
140,Cinnamon flavor is more than others,Cinnamon flavor is more than others
141,Average flavored,Average flavored
142,I bought it first time and find very good quality. I love it. Very fine packing and shipping.,I bought it first time and find very good quality. I love it. Very fine packing and shipping.
143,This tea helps your throat and it is very soothing! The aroma itself calms your mind,This tea helps your throat and it is very soothing. The aroma itself calms your mind
144,"It is really value for money. The tea bags contain only whole leaves, which are much better and healthier than the dust.","It is really value for money. The tea bags contain only whole leaves, which are much better and healthier than the dust."
145,Loved the product..have authentic taste and feels refreshing after every sipThank you for amazing product!,Loved the product. have authentic taste and feels refreshing after every sipThank you for amazing product.
146,Best product I ever usedBest green tea brand in marketMust buy,Best product I ever usedBest green tea brand in marketMust buy
147,Rare combination of taste + health .... Best green tea available in the marketðŸ˜Š #Valueformoney,Rare combination of taste + health . Best green tea available in the marketðŸ˜Š #Valueformoney
148,genuine product,genuine product
149,The taste is amazing. Works well when clubbed with bottle having filters. Refreshing.,The taste is amazing. Works well when clubbed with bottle having filters. Refreshing.
150,Authentic taste..,Authentic taste.
151,"The taste of tea is good and natural. Also, the flavours are balanced and authentic.","The taste of tea is good and natural. Also, the flavours are balanced and authentic."
152,The product is wonderful. The aroma is pleasant and the tea has a fresh flavour.,The product is wonderful. The aroma is pleasant and the tea has a fresh flavour.
153,"Ahaaa I am in love with this product very soothing,tasty not like other green teas.","Ahaaa I am in love with this product very soothing,tasty not like other green teas."
154,Okay,Okay
155,"Best green tea.  Enriched with goodness of turmeric, Tulsi, ginger. Love the product.","Best green tea.  Enriched with goodness of turmeric, Tulsi, ginger. Love the product."
156,A genuine and well packed product to be enjoyed for its freshness,A genuine and well packed product to be enjoyed for its freshness
157,"fantastic, fabulous and very very good product , I suggest everyone to buy this.","fantastic, fabulous and very very good product , I suggest everyone to buy this."
158,It's good,It's good
159,"Taste is very good. Its very healthy, refreshing and energetic","Taste is very good. Its very healthy, refreshing and energetic"
160,"It's taste is very natural, no artificial flavors, strongly recommend Only leaf...","It's taste is very natural, no artificial flavors, strongly recommend Only leaf."
161,Regular customer of amazing pure green tea of different varieties.,Regular customer of amazing pure green tea of different varieties.
162,"no flavor, doubtful ingredients","no flavor, doubtful ingredients"
163,The product is amazing. The perfect blend of natural ingredients.Love this flavour.,The product is amazing. The perfect blend of natural ingredients. Love this flavour.
164,"Great Flavors, amazing taste. Love to try other flavors. 10/10 for quality, presentation.","Great Flavors, amazing taste. Love to try other flavors. 10/10 for quality, presentation."
165,It is quite effective than normal green tea.,It is quite effective than normal green tea.
166,Amazing taste like herbal teaYou can feel the smell of purity,Amazing taste like herbal teaYou can feel the smell of purity
167,Best,Best
168,"Amazing tea, flavour of turmeric is pretty strong, very refreshing. Really worth it!","Amazing tea, flavour of turmeric is pretty strong, very refreshing. Really worth it."
169,product was good.. safe packing..  its reached on time as we expected..  taste was nice.. good quality..,product was good. safe packing.  its reached on time as we expected.  taste was nice. good quality.
170,A very good flavour of green tea. Leaves a very pleasant taste.,A very good flavour of green tea. Leaves a very pleasant taste.
171,It's really refreshing and taste is really balanced.,It's really refreshing and taste is really balanced.
172,It's best tea start your day and makes you feel fresh.,It's best tea start your day and makes you feel fresh.
173,Nice,Nice
174,Freshness,Freshness
175,This is A wonderful product with a lot of freshness visible however only lacuna is the packing the tea bags are packed in a plastic bag which is Harmful,This is A wonderful product with a lot of freshness visible however only lacuna is the packing the tea bags are packed in a plastic bag which is Harmful
176,I got it on a lighting deal and is very soothing.,I got it on a lighting deal and is very soothing.
177,A good aromatic flavoured green tea with hundreds of goodness.,A good aromatic flavoured green tea with hundreds of goodness.
178,Amazing product. So far the best green tea I have had..,Amazing product. So far the best green tea I have had.
179,"Grat tea sply this one, mint flavored, and detox kahwa....","Grat tea sply this one, mint flavored, and detox kahwa."
180,Liking the flavor...,Liking the flavor.
181,Feels fresh and you can taste every ingredient.,Feels fresh and you can taste every ingredient.
182,"No taste or flavour. Not happy. My experience with previous products was that within days, the tea bags seem to lose the flavour","No taste or flavour. Not happy. My experience with previous products was that within days, the tea bags seem to lose the flavour"
183,"Simple yet elegant packing., Easy to use and refreshing flavour","Simple yet elegant packing., Easy to use and refreshing flavour"
184,Amazing taste and flavour. Loved the blend of ginger and tulsi with the tea gives it a very Indian taste.,Amazing taste and flavour. Loved the blend of ginger and tulsi with the tea gives it a very Indian taste.
185,"Nice flavor, also the packaging is really impressive.","Nice flavor, also the packaging is really impressive."
186,Only leafs green tea product is good especially turmeric flavors.,Only leafs green tea product is good especially turmeric flavors.
187,Best green tea brand I have tried till date,Best green tea brand I have tried till date
188,It's all natural. Go for it! :),It's all natural. Go for it. :)
189,Nice flavour ..Interesting free honey,Nice flavour . Interesting free honey
190,Amazing product.Huge variety to select from.Good quality.,Amazing product. Huge variety to select from. Good quality.
191,"Excellent tea and really refreshing, no doubt... but I definitely don't want to consume Glue/tea bag cloth along with my tea... it needs to be fixed.","Excellent tea and really refreshing, no doubt. but I definitely don't want to consume Glue/tea bag cloth along with my tea. it needs to be fixed."
192,Nice product.,Nice product.
193,Good taste...Package is well designed...,Good taste. Package is well designed.
194,Really good tea.. Authentic flavour of the tea is refreshing. Recommend this tea to all tea lovers.,Really good tea. Authentic flavour of the tea is refreshing. Recommend this tea to all tea lovers.
195,"The flavor is good, packing is really the best.","The flavor is good, packing is really the best."
196,l like very thing about this product,l like very thing about this product
197,Excellent tea! I ordered again and will keep ordering more.,Excellent tea. I ordered again and will keep ordering more.
198,"I like the boxing, taste, and dips","I like the boxing, taste, and dips"
199,Good packing and taste,Good packing and taste
200,The fusion product is nice to taste and relish !!!,The fusion product is nice to taste and relish .
201,Great tasteVery healthy and refreshing,Great tasteVery healthy and refreshing
202,Good product,Good product
203,Too good to be true,Too good to be true
204,Great Product. Amazing Flavour.,Great Product. Amazing Flavour.
205,It's immunity booster tea,It's immunity booster tea
206,It was just amazingly refreshing,It was just amazingly refreshing
207,Very earthly flavour of turmeric gives a new flavour to the tea. Very nice!,Very earthly flavour of turmeric gives a new flavour to the tea. Very nice.
208,You can change the taste,You can change the taste
209,"Expensive , quality not that good","Expensive , quality not that good"
210,Don't buy this product as tea bag is plastic and it will cause cancer etc. It is high risk.,Don't buy this product as tea bag is plastic and it will cause cancer etc. It is high risk.
211,Best tea,Best tea
212,Very nice it is,Very nice it is
213,Good for detox,Good for detox
214,"No taste, no concentration seems like I'm just drinking hot water.","No taste, no concentration seems like I'm just drinking hot water."
215,Good,Good
216,Good in taste,Good in taste
217,Good green tea,Good green tea
218,Bags looks like plastic material,Bags looks like plastic material
219,Superb quality,Superb quality
220,Tea bag is made of plastic dont buy !,Tea bag is made of plastic dont buy .
221,good product,good product
222,Excellent place,Excellent place
223,Nice,Nice
224,Good aroma n taste go for it,Good aroma n taste go for it
225,Great taste,Great taste
226,Good taste,Good taste
227,Good taste tea,Good taste tea
228,Very nice,Very nice
229,Only thing the nylon pyramid shaped tea bags is irritating.Why they used nylon mesh?Other than that it's good for all.,Only thing the nylon pyramid shaped tea bags is irritating. Why they used nylon mesh. Other than that it's good for all.
230,Ok,Ok
231,Bad Taste,Bad Taste
232,Very soothing tea,Very soothing tea
233,Recieved really bad crushed product... They have flavoured it artificially... Not happy ... Refund my money,Recieved really bad crushed product. They have flavoured it artificially. Not happy . Refund my money
234,ðŸ‘ŒðŸ‘ŒðŸ‘ŒðŸ‘ŒðŸ‘ŒðŸ‘ŒðŸ‘Œ,ðŸ‘ŒðŸ‘ŒðŸ‘ŒðŸ‘ŒðŸ‘ŒðŸ‘ŒðŸ‘Œ
235,"A very flavorsome blend, would strongly recommend!","A very flavorsome blend, would strongly recommend."
236,Absolutely no flavour ... Seems  to be nothing more than  a gimmick  in the name of herbal infusion.,Absolutely no flavour . Seems  to be nothing more than  a gimmick  in the name of herbal infusion.
237,Awesome product! Very impressed,Awesome product. Very impressed
238,Taste was no so.good,Taste was no so. good
239,Poor productNo flavor or taste..,Poor productNo flavor or taste.
240,Chamomile tea is better than turmeric tea.,Chamomile tea is better than turmeric tea.
241,Not good,Not good
242,I have tried turmeric ginger and Tulsi . Its really good and very refreshing worth trying. Yet to try other flavours,I have tried turmeric ginger and Tulsi . Its really good and very refreshing worth trying. Yet to try other flavours
243,In d description it's 27tea bags but received pack of 15 bags...,In d description it's 27tea bags but received pack of 15 bags.
244,The product was totally crushed and unable to return it as well,The product was totally crushed and unable to return it as well
245,Poor. No taste in tea.,Poor. No taste in tea.
246,The flavor us not good!!,The flavor us not good.
247,Tasteless experiment!,Tasteless experiment.
248,Ok ok types,Ok ok types
249,Worst product..,Worst product.
250,"I got this from my neighborhood hyper market.While the combination of tulsi,  ginger and turmeric seems great on paper this tea lacked the strong flavor expected out of it.  Needs more tulsi in it.  Overall presentation is awesome. Feels light and is not too bitter.","I got this from my neighborhood hyper market. While the combination of tulsi,  ginger and turmeric seems great on paper this tea lacked the strong flavor expected out of it.  Needs more tulsi in it.  Overall presentation is awesome. Feels light and is not too bitter."
251,"Tras having freshness and good taste though added with turmeric, ginger which is always grandmas home remedies with value for money cost","Tras having freshness and good taste though added with turmeric, ginger which is always grandmas home remedies with value for money cost"
252,Pl do not fall for the packing and the contents mentioned.... its better to buy Tulsi brand.... spend a high price to buy a green tea.,Pl do not fall for the packing and the contents mentioned. its better to buy Tulsi brand. spend a high price to buy a green tea.
253,Everything is fine. Taste is good.I have tried approx all flavours of it and they tastes so good.But real issue is the packaging.The strends of packing material is showing clearly in pic and can mix with tea.It's the main concern.,Everything is fine. Taste is good. I have tried approx all flavours of it and they tastes so good. But real issue is the packaging. The strends of packing material is showing clearly in pic and can mix with tea. It's the main concern.
254,Turmeric ginger and tulsi has natural detoxifying properties in its own. Only leaf helps us to have all 3 ingredients together in one pack with a good taste. Really good and beneficial.,Turmeric ginger and tulsi has natural detoxifying properties in its own. Only leaf helps us to have all 3 ingredients together in one pack with a good taste. Really good and beneficial.
255,It tastes good and I loved the packing.,It tastes good and I loved the packing.
256,It was an awesome experience to have all the natural ingredients together in an appropriate proportion. It was really relaxing and worthy of its cost .,It was an awesome experience to have all the natural ingredients together in an appropriate proportion. It was really relaxing and worthy of its cost .
257,Very refreshing taste. Specially the ginger based flavours are not only good in taste but also were very helpful in treating a sore throat. Highly recommended,Very refreshing taste. Specially the ginger based flavours are not only good in taste but also were very helpful in treating a sore throat. Highly recommended
258,Calm.... Pacifying taste... A complete comforting tea experience as whole,Calm. Pacifying taste. A complete comforting tea experience as whole
259,Pure leafy green tea. Strong in flavour.Best in taste .,Pure leafy green tea. Strong in flavour. Best in taste .
260,Value for money and good for health .,Value for money and good for health .
261,Superb green tea,Superb green tea
262,"i have tried detox kawah which was great in taste , but this certainly not.","i have tried detox kawah which was great in taste , but this certainly not."
263,Very nice,Very nice
264,I purchase supermarket...but worst taste in side plastic bags so heat water used health issues future...please donâ€™t use,I purchase supermarket. but worst taste in side plastic bags so heat water used health issues future. please donâ€™t use
265,Must try,Must try
266,Loved its taste and value for money product,Loved its taste and value for money product
267,Excellent product,Excellent product
268,Excellent taste.Good for throat.,Excellent taste. Good for throat.
269,"Love this tea, refreshing !!","Love this tea, refreshing ."
